<?xml version="1.0" encoding="UTF-8" standalone="yes"?>
<office:document-meta xmlns:office="urn:oasis:names:tc:opendocument:xmlns:office:1.0" xmlns:meta="urn:oasis:names:tc:opendocument:xmlns:meta:1.0" xmlns:dc="http://purl.org/dc/elements/1.1/" xmlns:xlink="http://www.w3.org/1999/xlink" office:version="1.2"><office:meta><meta:generator>MicrosoftOffice/15.0 MicrosoftWord</meta:generator><dc:title>Métadonnées de fichiers OpenDocument</dc:title><dc:subject>Projet POO &amp; Java L2-I 2022-2023</dc:subject><meta:keyword>project</meta:keyword><meta:keyword> OOP</meta:keyword><meta:keyword> java</meta:keyword><meta:keyword> 2022-2023</meta:keyword><meta:keyword> odf</meta:keyword><meta:keyword> odt</meta:keyword><meta:keyword> ods</meta:keyword><meta:keyword> odp</meta:keyword><meta:keyword> odg</meta:keyword><meta:initial-creator>M L</meta:initial-creator><dc:creator>word</dc:creator><meta:creation-date>2022-11-17T23:30:00Z</meta:creation-date><dc:date>2022-11-17T23:30:00Z</dc:date><meta:template xlink:href="Normal" xlink:type="simple"/><meta:editing-cycles>2</meta:editing-cycles><meta:editing-duration>PT0S</meta:editing-duration><meta:document-statistic meta:page-count="3" meta:paragraph-count="26" meta:word-count="1973" meta:character-count="13197" meta:row-count="93" meta:non-whitespace-character-count="11250"/></office:meta></office:document-meta>