<?xml version="1.0" encoding="UTF-8" standalone="yes"?>
<office:document-styles xmlns:anim="urn:oasis:names:tc:opendocument:xmlns:animation:1.0" xmlns:chart="urn:oasis:names:tc:opendocument:xmlns:chart:1.0" xmlns:config="urn:oasis:names:tc:opendocument:xmlns:config:1.0" xmlns:db="urn:oasis:names:tc:opendocument:xmlns:database:1.0" xmlns:dc="http://purl.org/dc/elements/1.1/" xmlns:dr3d="urn:oasis:names:tc:opendocument:xmlns:dr3d:1.0" xmlns:draw="urn:oasis:names:tc:opendocument:xmlns:drawing:1.0" xmlns:fo="urn:oasis:names:tc:opendocument:xmlns:xsl-fo-compatible:1.0" xmlns:form="urn:oasis:names:tc:opendocument:xmlns:form:1.0" xmlns:grddl="http://www.w3.org/2003/g/data-view#" xmlns:math="http://www.w3.org/1998/Math/MathML" xmlns:meta="urn:oasis:names:tc:opendocument:xmlns:meta:1.0" xmlns:number="urn:oasis:names:tc:opendocument:xmlns:datastyle:1.0" xmlns:office="urn:oasis:names:tc:opendocument:xmlns:office:1.0" xmlns:presentation="urn:oasis:names:tc:opendocument:xmlns:presentation:1.0" xmlns:script="urn:oasis:names:tc:opendocument:xmlns:script:1.0" xmlns:smil="urn:oasis:names:tc:opendocument:xmlns:smil-compatible:1.0" xmlns:style="urn:oasis:names:tc:opendocument:xmlns:style:1.0" xmlns:svg="urn:oasis:names:tc:opendocument:xmlns:svg-compatible:1.0" xmlns:table="urn:oasis:names:tc:opendocument:xmlns:table:1.0" xmlns:text="urn:oasis:names:tc:opendocument:xmlns:text:1.0" xmlns:xforms="http://www.w3.org/2002/xforms" xmlns:xhtml="http://www.w3.org/1999/xhtml" xmlns:xlink="http://www.w3.org/1999/xlink" office:version="1.2"><office:font-face-decls><style:font-face style:name="Calibri" svg:font-family="Calibri" style:font-family-generic="swiss" style:font-pitch="variable" svg:panose-1="2 15 5 2 2 2 4 3 2 4"/><style:font-face style:name="Times New Roman" svg:font-family="Times New Roman" style:font-family-generic="roman" style:font-pitch="variable" svg:panose-1="2 2 6 3 5 4 5 2 3 4"/><style:font-face style:name="Courier New" svg:font-family="Courier New" style:font-family-generic="modern" style:font-pitch="fixed" svg:panose-1="2 7 3 9 2 2 5 2 4 4"/><style:font-face style:name="Calibri Light" svg:font-family="Calibri Light" style:font-family-generic="swiss" style:font-pitch="variable" svg:panose-1="2 15 3 2 2 2 4 3 2 4"/></office:font-face-decls><office:styles><style:default-style style:family="table"><style:table-properties fo:margin-left="0in" table:border-model="collapsing" style:writing-mode="lr-tb" table:align="left"/></style:default-style><style:default-style style:family="table-column"><style:table-column-properties style:use-optimal-column-width="true"/></style:default-style><style:default-style style:family="table-row"><style:table-row-properties style:min-row-height="0in" style:use-optimal-row-height="true" fo:keep-together="auto"/></style:default-style><style:default-style style:family="table-cell"><style:table-cell-properties fo:background-color="transparent" style:glyph-orientation-vertical="auto" style:vertical-align="top" fo:wrap-option="wrap"/></style:default-style><style:default-style style:family="paragraph"><style:paragraph-properties fo:keep-with-next="auto" fo:keep-together="auto" fo:widows="2" fo:orphans="2" fo:break-before="auto" text:number-lines="true" fo:border="none" fo:padding="0in" style:shadow="none" style:line-break="strict" style:punctuation-wrap="hanging" style:text-autospace="ideograph-alpha" style:snap-to-layout-grid="true" fo:text-align="start" style:writing-mode="lr-tb" fo:margin-bottom="0.1111in" fo:line-height="107%" fo:background-color="transparent" style:tab-stop-distance="0.5in"/><style:text-properties style:font-name="Calibri" style:font-name-asian="Times New Roman" style:font-name-complex="Times New Roman" fo:font-weight="normal" style:font-weight-asian="normal" style:font-weight-complex="normal" fo:font-style="normal" style:font-style-asian="normal" style:font-style-complex="normal" fo:text-transform="none" fo:font-variant="normal" style:text-line-through-type="none" style:text-outline="false" style:font-relief="none" style:use-window-font-color="true" fo:letter-spacing="normal" style:text-scale="100%" style:letter-kerning="false" style:text-position="0% 100%" fo:font-size="11pt" style:font-size-asian="11pt" style:font-size-complex="11pt" fo:background-color="transparent" style:text-underline-type="none" style:text-underline-color="font-color" style:text-emphasize="none" fo:language="en" fo:country="US" style:language-asian="en" style:country-asian="US" style:language-complex="ar" style:country-complex="SA" style:text-combine="none" fo:hyphenate="true"/></style:default-style><style:style style:name="Heading1" style:display-name="Heading 1" style:family="paragraph" style:next-style-name="Normal" style:default-outline-level="1"><style:paragraph-properties fo:keep-with-next="always" fo:keep-together="always" fo:margin-bottom="0in" fo:margin-left="0.2041in" fo:text-indent="-0.0069in" fo:background-color="#0000CC"><style:tab-stops/></style:paragraph-properties><style:text-properties style:font-name="Calibri" style:font-name-asian="Calibri" style:font-name-complex="Calibri" fo:font-weight="bold" style:font-weight-asian="bold" fo:color="#FFFFFF" fo:font-size="18pt" style:font-size-asian="18pt" fo:hyphenate="false"/></style:style><style:style style:name="Heading2" style:display-name="Heading 2" style:family="paragraph" style:next-style-name="Normal" style:default-outline-level="2"><style:paragraph-properties fo:keep-with-next="always" fo:keep-together="always" fo:margin-bottom="0.0138in" fo:margin-left="0.3069in" fo:text-indent="-0.0069in"><style:tab-stops/></style:paragraph-properties><style:text-properties style:font-name="Calibri" style:font-name-asian="Calibri" style:font-name-complex="Calibri" fo:font-weight="bold" style:font-weight-asian="bold" fo:font-style="italic" style:font-style-asian="italic" fo:color="#3333FF" fo:font-size="14.5pt" style:font-size-asian="14.5pt" fo:hyphenate="false"/></style:style><style:style style:name="Heading3" style:display-name="Heading 3" style:family="paragraph" style:next-style-name="Normal" style:default-outline-level="3"><style:paragraph-properties fo:keep-with-next="always" fo:keep-together="always" fo:margin-bottom="0.0229in"/><style:text-properties style:font-name="Calibri" style:font-name-asian="Calibri" style:font-name-complex="Calibri" fo:font-weight="bold" style:font-weight-asian="bold" fo:color="#808080" fo:font-size="14pt" style:font-size-asian="14pt" fo:hyphenate="false"/></style:style><style:style style:name="Normal" style:display-name="Normal" style:family="paragraph"><style:paragraph-properties fo:text-align="justify" fo:margin-bottom="0.0756in" fo:line-height="105%" fo:margin-left="0.0069in" fo:margin-right="0.002in" fo:text-indent="-0.0069in"><style:tab-stops/></style:paragraph-properties><style:text-properties style:font-name="Calibri" style:font-name-asian="Calibri" style:font-name-complex="Calibri" fo:color="#000000" fo:font-size="12pt" style:font-size-asian="12pt" fo:hyphenate="false"/></style:style><style:style style:name="DefaultParagraphFont" style:display-name="Default Paragraph Font" style:family="text"/><style:style style:name="Heading3Char" style:display-name="Heading 3 Char" style:family="text"><style:text-properties style:font-name="Calibri" style:font-name-asian="Calibri" style:font-name-complex="Calibri" fo:font-weight="bold" style:font-weight-asian="bold" fo:color="#808080" fo:font-size="14pt" style:font-size-asian="14pt"/></style:style><style:style style:name="Heading2Char" style:display-name="Heading 2 Char" style:family="text"><style:text-properties style:font-name="Calibri" style:font-name-asian="Calibri" style:font-name-complex="Calibri" fo:font-weight="bold" style:font-weight-asian="bold" fo:font-style="italic" style:font-style-asian="italic" fo:color="#3333FF" fo:font-size="14.5pt" style:font-size-asian="14.5pt"/></style:style><style:style style:name="Heading1Char" style:display-name="Heading 1 Char" style:family="text"><style:text-properties style:font-name="Calibri" style:font-name-asian="Calibri" style:font-name-complex="Calibri" fo:font-weight="bold" style:font-weight-asian="bold" fo:color="#FFFFFF" fo:font-size="18pt" style:font-size-asian="18pt"/></style:style><style:style style:name="footnotedescription" style:display-name="footnote description" style:family="paragraph" style:next-style-name="Normal"><style:paragraph-properties fo:margin-bottom="0in" fo:line-height="102%" fo:margin-left="0.118in" fo:text-indent="-0.118in"><style:tab-stops/></style:paragraph-properties><style:text-properties style:font-name="Calibri" style:font-name-asian="Calibri" style:font-name-complex="Calibri" fo:color="#000000" fo:font-size="10pt" style:font-size-asian="10pt" fo:hyphenate="false"/></style:style><style:style style:name="footnotedescriptionChar" style:display-name="footnote description Char" style:family="text"><style:text-properties style:font-name="Calibri" style:font-name-asian="Calibri" style:font-name-complex="Calibri" fo:color="#000000" fo:font-size="10pt" style:font-size-asian="10pt"/></style:style><style:style style:name="footnotemark" style:display-name="footnote mark" style:family="text"><style:text-properties style:font-name="Calibri" style:font-name-asian="Calibri" style:font-name-complex="Calibri" fo:color="#000000" style:text-position="super 65%" fo:font-size="10pt" style:font-size-asian="10pt"/></style:style><text:notes-configuration text:note-class="footnote" text:start-value="0" style:num-format="1" text:start-numbering-at="document" text:footnotes-position="page"/><text:notes-configuration text:note-class="endnote" text:start-value="0" style:num-format="i" text:start-numbering-at="document" text:footnotes-position="document"/><text:outline-style style:name="WW_OutlineListStyle"><text:outline-level-style text:level="1" style:num-format=""/><text:outline-level-style text:level="2" style:num-format=""/><text:outline-level-style text:level="3" style:num-format=""/></text:outline-style><style:style style:name="WW_CharLFO1LVL1" style:family="text"><style:text-properties style:font-name="Calibri" style:font-name-asian="Calibri" style:font-name-complex="Calibri" fo:font-weight="normal" style:font-weight-asian="normal" fo:font-style="normal" style:font-style-asian="normal" style:text-line-through-type="none" fo:color="#000000" style:text-position="0% 100%" fo:font-size="12pt" style:font-size-asian="12pt" style:font-size-complex="12pt" fo:background-color="transparent" style:text-underline-type="none" style:text-underline-color="#000000"/></style:style><style:style style:name="WW_CharLFO1LVL2" style:family="text"><style:text-properties style:font-name="Calibri" style:font-name-asian="Calibri" style:font-name-complex="Calibri" fo:font-weight="normal" style:font-weight-asian="normal" fo:font-style="normal" style:font-style-asian="normal" style:text-line-through-type="none" fo:color="#000000" style:text-position="0% 100%" fo:font-size="12pt" style:font-size-asian="12pt" style:font-size-complex="12pt" fo:background-color="transparent" style:text-underline-type="none" style:text-underline-color="#000000"/></style:style><style:style style:name="WW_CharLFO1LVL3" style:family="text"><style:text-properties style:font-name="Calibri" style:font-name-asian="Calibri" style:font-name-complex="Calibri" fo:font-weight="normal" style:font-weight-asian="normal" fo:font-style="normal" style:font-style-asian="normal" style:text-line-through-type="none" fo:color="#000000" style:text-position="0% 100%" fo:font-size="12pt" style:font-size-asian="12pt" style:font-size-complex="12pt" fo:background-color="transparent" style:text-underline-type="none" style:text-underline-color="#000000"/></style:style><style:style style:name="WW_CharLFO1LVL4" style:family="text"><style:text-properties style:font-name="Calibri" style:font-name-asian="Calibri" style:font-name-complex="Calibri" fo:font-weight="normal" style:font-weight-asian="normal" fo:font-style="normal" style:font-style-asian="normal" style:text-line-through-type="none" fo:color="#000000" style:text-position="0% 100%" fo:font-size="12pt" style:font-size-asian="12pt" style:font-size-complex="12pt" fo:background-color="transparent" style:text-underline-type="none" style:text-underline-color="#000000"/></style:style><style:style style:name="WW_CharLFO1LVL5" style:family="text"><style:text-properties style:font-name="Calibri" style:font-name-asian="Calibri" style:font-name-complex="Calibri" fo:font-weight="normal" style:font-weight-asian="normal" fo:font-style="normal" style:font-style-asian="normal" style:text-line-through-type="none" fo:color="#000000" style:text-position="0% 100%" fo:font-size="12pt" style:font-size-asian="12pt" style:font-size-complex="12pt" fo:background-color="transparent" style:text-underline-type="none" style:text-underline-color="#000000"/></style:style><style:style style:name="WW_CharLFO1LVL6" style:family="text"><style:text-properties style:font-name="Calibri" style:font-name-asian="Calibri" style:font-name-complex="Calibri" fo:font-weight="normal" style:font-weight-asian="normal" fo:font-style="normal" style:font-style-asian="normal" style:text-line-through-type="none" fo:color="#000000" style:text-position="0% 100%" fo:font-size="12pt" style:font-size-asian="12pt" style:font-size-complex="12pt" fo:background-color="transparent" style:text-underline-type="none" style:text-underline-color="#000000"/></style:style><style:style style:name="WW_CharLFO1LVL7" style:family="text"><style:text-properties style:font-name="Calibri" style:font-name-asian="Calibri" style:font-name-complex="Calibri" fo:font-weight="normal" style:font-weight-asian="normal" fo:font-style="normal" style:font-style-asian="normal" style:text-line-through-type="none" fo:color="#000000" style:text-position="0% 100%" fo:font-size="12pt" style:font-size-asian="12pt" style:font-size-complex="12pt" fo:background-color="transparent" style:text-underline-type="none" style:text-underline-color="#000000"/></style:style><style:style style:name="WW_CharLFO1LVL8" style:family="text"><style:text-properties style:font-name="Calibri" style:font-name-asian="Calibri" style:font-name-complex="Calibri" fo:font-weight="normal" style:font-weight-asian="normal" fo:font-style="normal" style:font-style-asian="normal" style:text-line-through-type="none" fo:color="#000000" style:text-position="0% 100%" fo:font-size="12pt" style:font-size-asian="12pt" style:font-size-complex="12pt" fo:background-color="transparent" style:text-underline-type="none" style:text-underline-color="#000000"/></style:style><style:style style:name="WW_CharLFO1LVL9" style:family="text"><style:text-properties style:font-name="Calibri" style:font-name-asian="Calibri" style:font-name-complex="Calibri" fo:font-weight="normal" style:font-weight-asian="normal" fo:font-style="normal" style:font-style-asian="normal" style:text-line-through-type="none" fo:color="#000000" style:text-position="0% 100%" fo:font-size="12pt" style:font-size-asian="12pt" style:font-size-complex="12pt" fo:background-color="transparent" style:text-underline-type="none" style:text-underline-color="#000000"/></style:style><style:style style:name="WW_CharLFO2LVL1" style:family="text"><style:text-properties style:font-name="Calibri" style:font-name-asian="Calibri" style:font-name-complex="Calibri" fo:font-weight="normal" style:font-weight-asian="normal" fo:font-style="normal" style:font-style-asian="normal" style:text-line-through-type="none" fo:color="#000000" style:text-position="0% 100%" fo:font-size="10pt" style:font-size-asian="10pt" style:font-size-complex="10pt" fo:background-color="transparent" style:text-underline-type="none" style:text-underline-color="#000000"/></style:style><style:style style:name="WW_CharLFO2LVL2" style:family="text"><style:text-properties style:font-name="Calibri" style:font-name-asian="Calibri" style:font-name-complex="Calibri" fo:font-weight="normal" style:font-weight-asian="normal" fo:font-style="normal" style:font-style-asian="normal" style:text-line-through-type="none" fo:color="#000000" style:text-position="0% 100%" fo:font-size="12pt" style:font-size-asian="12pt" style:font-size-complex="12pt" fo:background-color="transparent" style:text-underline-type="none" style:text-underline-color="#000000"/></style:style><style:style style:name="WW_CharLFO2LVL3" style:family="text"><style:text-properties style:font-name="Calibri" style:font-name-asian="Calibri" style:font-name-complex="Calibri" fo:font-weight="normal" style:font-weight-asian="normal" fo:font-style="normal" style:font-style-asian="normal" style:text-line-through-type="none" fo:color="#000000" style:text-position="0% 100%" fo:font-size="12pt" style:font-size-asian="12pt" style:font-size-complex="12pt" fo:background-color="transparent" style:text-underline-type="none" style:text-underline-color="#000000"/></style:style><style:style style:name="WW_CharLFO2LVL4" style:family="text"><style:text-properties style:font-name="Calibri" style:font-name-asian="Calibri" style:font-name-complex="Calibri" fo:font-weight="normal" style:font-weight-asian="normal" fo:font-style="normal" style:font-style-asian="normal" style:text-line-through-type="none" fo:color="#000000" style:text-position="0% 100%" fo:font-size="12pt" style:font-size-asian="12pt" style:font-size-complex="12pt" fo:background-color="transparent" style:text-underline-type="none" style:text-underline-color="#000000"/></style:style><style:style style:name="WW_CharLFO2LVL5" style:family="text"><style:text-properties style:font-name="Calibri" style:font-name-asian="Calibri" style:font-name-complex="Calibri" fo:font-weight="normal" style:font-weight-asian="normal" fo:font-style="normal" style:font-style-asian="normal" style:text-line-through-type="none" fo:color="#000000" style:text-position="0% 100%" fo:font-size="12pt" style:font-size-asian="12pt" style:font-size-complex="12pt" fo:background-color="transparent" style:text-underline-type="none" style:text-underline-color="#000000"/></style:style><style:style style:name="WW_CharLFO2LVL6" style:family="text"><style:text-properties style:font-name="Calibri" style:font-name-asian="Calibri" style:font-name-complex="Calibri" fo:font-weight="normal" style:font-weight-asian="normal" fo:font-style="normal" style:font-style-asian="normal" style:text-line-through-type="none" fo:color="#000000" style:text-position="0% 100%" fo:font-size="12pt" style:font-size-asian="12pt" style:font-size-complex="12pt" fo:background-color="transparent" style:text-underline-type="none" style:text-underline-color="#000000"/></style:style><style:style style:name="WW_CharLFO2LVL7" style:family="text"><style:text-properties style:font-name="Calibri" style:font-name-asian="Calibri" style:font-name-complex="Calibri" fo:font-weight="normal" style:font-weight-asian="normal" fo:font-style="normal" style:font-style-asian="normal" style:text-line-through-type="none" fo:color="#000000" style:text-position="0% 100%" fo:font-size="12pt" style:font-size-asian="12pt" style:font-size-complex="12pt" fo:background-color="transparent" style:text-underline-type="none" style:text-underline-color="#000000"/></style:style><style:style style:name="WW_CharLFO2LVL8" style:family="text"><style:text-properties style:font-name="Calibri" style:font-name-asian="Calibri" style:font-name-complex="Calibri" fo:font-weight="normal" style:font-weight-asian="normal" fo:font-style="normal" style:font-style-asian="normal" style:text-line-through-type="none" fo:color="#000000" style:text-position="0% 100%" fo:font-size="12pt" style:font-size-asian="12pt" style:font-size-complex="12pt" fo:background-color="transparent" style:text-underline-type="none" style:text-underline-color="#000000"/></style:style><style:style style:name="WW_CharLFO2LVL9" style:family="text"><style:text-properties style:font-name="Calibri" style:font-name-asian="Calibri" style:font-name-complex="Calibri" fo:font-weight="normal" style:font-weight-asian="normal" fo:font-style="normal" style:font-style-asian="normal" style:text-line-through-type="none" fo:color="#000000" style:text-position="0% 100%" fo:font-size="12pt" style:font-size-asian="12pt" style:font-size-complex="12pt" fo:background-color="transparent" style:text-underline-type="none" style:text-underline-color="#000000"/></style:style><style:style style:name="WW_CharLFO3LVL1" style:family="text"><style:text-properties style:font-name="Calibri" style:font-name-asian="Calibri" style:font-name-complex="Calibri" fo:font-weight="normal" style:font-weight-asian="normal" fo:font-style="normal" style:font-style-asian="normal" style:text-line-through-type="none" fo:color="#000000" style:text-position="0% 100%" fo:font-size="12pt" style:font-size-asian="12pt" style:font-size-complex="12pt" fo:background-color="transparent" style:text-underline-type="none" style:text-underline-color="#000000"/></style:style><style:style style:name="WW_CharLFO3LVL2" style:family="text"><style:text-properties style:font-name="Calibri" style:font-name-asian="Calibri" style:font-name-complex="Calibri" fo:font-weight="normal" style:font-weight-asian="normal" fo:font-style="normal" style:font-style-asian="normal" style:text-line-through-type="none" fo:color="#000000" style:text-position="0% 100%" fo:font-size="12pt" style:font-size-asian="12pt" style:font-size-complex="12pt" fo:background-color="transparent" style:text-underline-type="none" style:text-underline-color="#000000"/></style:style><style:style style:name="WW_CharLFO3LVL3" style:family="text"><style:text-properties style:font-name="Calibri" style:font-name-asian="Calibri" style:font-name-complex="Calibri" fo:font-weight="normal" style:font-weight-asian="normal" fo:font-style="normal" style:font-style-asian="normal" style:text-line-through-type="none" fo:color="#000000" style:text-position="0% 100%" fo:font-size="12pt" style:font-size-asian="12pt" style:font-size-complex="12pt" fo:background-color="transparent" style:text-underline-type="none" style:text-underline-color="#000000"/></style:style><style:style style:name="WW_CharLFO3LVL4" style:family="text"><style:text-properties style:font-name="Calibri" style:font-name-asian="Calibri" style:font-name-complex="Calibri" fo:font-weight="normal" style:font-weight-asian="normal" fo:font-style="normal" style:font-style-asian="normal" style:text-line-through-type="none" fo:color="#000000" style:text-position="0% 100%" fo:font-size="12pt" style:font-size-asian="12pt" style:font-size-complex="12pt" fo:background-color="transparent" style:text-underline-type="none" style:text-underline-color="#000000"/></style:style><style:style style:name="WW_CharLFO3LVL5" style:family="text"><style:text-properties style:font-name="Calibri" style:font-name-asian="Calibri" style:font-name-complex="Calibri" fo:font-weight="normal" style:font-weight-asian="normal" fo:font-style="normal" style:font-style-asian="normal" style:text-line-through-type="none" fo:color="#000000" style:text-position="0% 100%" fo:font-size="12pt" style:font-size-asian="12pt" style:font-size-complex="12pt" fo:background-color="transparent" style:text-underline-type="none" style:text-underline-color="#000000"/></style:style><style:style style:name="WW_CharLFO3LVL6" style:family="text"><style:text-properties style:font-name="Calibri" style:font-name-asian="Calibri" style:font-name-complex="Calibri" fo:font-weight="normal" style:font-weight-asian="normal" fo:font-style="normal" style:font-style-asian="normal" style:text-line-through-type="none" fo:color="#000000" style:text-position="0% 100%" fo:font-size="12pt" style:font-size-asian="12pt" style:font-size-complex="12pt" fo:background-color="transparent" style:text-underline-type="none" style:text-underline-color="#000000"/></style:style><style:style style:name="WW_CharLFO3LVL7" style:family="text"><style:text-properties style:font-name="Calibri" style:font-name-asian="Calibri" style:font-name-complex="Calibri" fo:font-weight="normal" style:font-weight-asian="normal" fo:font-style="normal" style:font-style-asian="normal" style:text-line-through-type="none" fo:color="#000000" style:text-position="0% 100%" fo:font-size="12pt" style:font-size-asian="12pt" style:font-size-complex="12pt" fo:background-color="transparent" style:text-underline-type="none" style:text-underline-color="#000000"/></style:style><style:style style:name="WW_CharLFO3LVL8" style:family="text"><style:text-properties style:font-name="Calibri" style:font-name-asian="Calibri" style:font-name-complex="Calibri" fo:font-weight="normal" style:font-weight-asian="normal" fo:font-style="normal" style:font-style-asian="normal" style:text-line-through-type="none" fo:color="#000000" style:text-position="0% 100%" fo:font-size="12pt" style:font-size-asian="12pt" style:font-size-complex="12pt" fo:background-color="transparent" style:text-underline-type="none" style:text-underline-color="#000000"/></style:style><style:style style:name="WW_CharLFO3LVL9" style:family="text"><style:text-properties style:font-name="Calibri" style:font-name-asian="Calibri" style:font-name-complex="Calibri" fo:font-weight="normal" style:font-weight-asian="normal" fo:font-style="normal" style:font-style-asian="normal" style:text-line-through-type="none" fo:color="#000000" style:text-position="0% 100%" fo:font-size="12pt" style:font-size-asian="12pt" style:font-size-complex="12pt" fo:background-color="transparent" style:text-underline-type="none" style:text-underline-color="#000000"/></style:style><style:style style:name="WW_CharLFO4LVL1" style:family="text"><style:text-properties style:font-name="Calibri" style:font-name-asian="Calibri" style:font-name-complex="Calibri" fo:font-weight="normal" style:font-weight-asian="normal" fo:font-style="normal" style:font-style-asian="normal" style:text-line-through-type="none" fo:color="#000000" style:text-position="0% 100%" fo:font-size="12pt" style:font-size-asian="12pt" style:font-size-complex="12pt" fo:background-color="transparent" style:text-underline-type="none" style:text-underline-color="#000000"/></style:style><style:style style:name="WW_CharLFO4LVL2" style:family="text"><style:text-properties style:font-name="Calibri" style:font-name-asian="Calibri" style:font-name-complex="Calibri" fo:font-weight="normal" style:font-weight-asian="normal" fo:font-style="normal" style:font-style-asian="normal" style:text-line-through-type="none" fo:color="#000000" style:text-position="0% 100%" fo:font-size="12pt" style:font-size-asian="12pt" style:font-size-complex="12pt" fo:background-color="transparent" style:text-underline-type="none" style:text-underline-color="#000000"/></style:style><style:style style:name="WW_CharLFO4LVL3" style:family="text"><style:text-properties style:font-name="Calibri" style:font-name-asian="Calibri" style:font-name-complex="Calibri" fo:font-weight="normal" style:font-weight-asian="normal" fo:font-style="normal" style:font-style-asian="normal" style:text-line-through-type="none" fo:color="#000000" style:text-position="0% 100%" fo:font-size="12pt" style:font-size-asian="12pt" style:font-size-complex="12pt" fo:background-color="transparent" style:text-underline-type="none" style:text-underline-color="#000000"/></style:style><style:style style:name="WW_CharLFO4LVL4" style:family="text"><style:text-properties style:font-name="Calibri" style:font-name-asian="Calibri" style:font-name-complex="Calibri" fo:font-weight="normal" style:font-weight-asian="normal" fo:font-style="normal" style:font-style-asian="normal" style:text-line-through-type="none" fo:color="#000000" style:text-position="0% 100%" fo:font-size="12pt" style:font-size-asian="12pt" style:font-size-complex="12pt" fo:background-color="transparent" style:text-underline-type="none" style:text-underline-color="#000000"/></style:style><style:style style:name="WW_CharLFO4LVL5" style:family="text"><style:text-properties style:font-name="Calibri" style:font-name-asian="Calibri" style:font-name-complex="Calibri" fo:font-weight="normal" style:font-weight-asian="normal" fo:font-style="normal" style:font-style-asian="normal" style:text-line-through-type="none" fo:color="#000000" style:text-position="0% 100%" fo:font-size="12pt" style:font-size-asian="12pt" style:font-size-complex="12pt" fo:background-color="transparent" style:text-underline-type="none" style:text-underline-color="#000000"/></style:style><style:style style:name="WW_CharLFO4LVL6" style:family="text"><style:text-properties style:font-name="Calibri" style:font-name-asian="Calibri" style:font-name-complex="Calibri" fo:font-weight="normal" style:font-weight-asian="normal" fo:font-style="normal" style:font-style-asian="normal" style:text-line-through-type="none" fo:color="#000000" style:text-position="0% 100%" fo:font-size="12pt" style:font-size-asian="12pt" style:font-size-complex="12pt" fo:background-color="transparent" style:text-underline-type="none" style:text-underline-color="#000000"/></style:style><style:style style:name="WW_CharLFO4LVL7" style:family="text"><style:text-properties style:font-name="Calibri" style:font-name-asian="Calibri" style:font-name-complex="Calibri" fo:font-weight="normal" style:font-weight-asian="normal" fo:font-style="normal" style:font-style-asian="normal" style:text-line-through-type="none" fo:color="#000000" style:text-position="0% 100%" fo:font-size="12pt" style:font-size-asian="12pt" style:font-size-complex="12pt" fo:background-color="transparent" style:text-underline-type="none" style:text-underline-color="#000000"/></style:style><style:style style:name="WW_CharLFO4LVL8" style:family="text"><style:text-properties style:font-name="Calibri" style:font-name-asian="Calibri" style:font-name-complex="Calibri" fo:font-weight="normal" style:font-weight-asian="normal" fo:font-style="normal" style:font-style-asian="normal" style:text-line-through-type="none" fo:color="#000000" style:text-position="0% 100%" fo:font-size="12pt" style:font-size-asian="12pt" style:font-size-complex="12pt" fo:background-color="transparent" style:text-underline-type="none" style:text-underline-color="#000000"/></style:style><style:style style:name="WW_CharLFO4LVL9" style:family="text"><style:text-properties style:font-name="Calibri" style:font-name-asian="Calibri" style:font-name-complex="Calibri" fo:font-weight="normal" style:font-weight-asian="normal" fo:font-style="normal" style:font-style-asian="normal" style:text-line-through-type="none" fo:color="#000000" style:text-position="0% 100%" fo:font-size="12pt" style:font-size-asian="12pt" style:font-size-complex="12pt" fo:background-color="transparent" style:text-underline-type="none" style:text-underline-color="#000000"/></style:style><style:style style:name="WW_CharLFO5LVL1" style:family="text"><style:text-properties style:font-name="Calibri" style:font-name-asian="Calibri" style:font-name-complex="Calibri" fo:font-weight="normal" style:font-weight-asian="normal" fo:font-style="normal" style:font-style-asian="normal" style:text-line-through-type="none" fo:color="#000000" style:text-position="0% 100%" fo:font-size="12pt" style:font-size-asian="12pt" style:font-size-complex="12pt" fo:background-color="transparent" style:text-underline-type="none" style:text-underline-color="#000000"/></style:style><style:style style:name="WW_CharLFO5LVL2" style:family="text"><style:text-properties style:font-name="Calibri" style:font-name-asian="Calibri" style:font-name-complex="Calibri" fo:font-weight="normal" style:font-weight-asian="normal" fo:font-style="normal" style:font-style-asian="normal" style:text-line-through-type="none" fo:color="#000000" style:text-position="0% 100%" fo:font-size="12pt" style:font-size-asian="12pt" style:font-size-complex="12pt" fo:background-color="transparent" style:text-underline-type="none" style:text-underline-color="#000000"/></style:style><style:style style:name="WW_CharLFO5LVL3" style:family="text"><style:text-properties style:font-name="Calibri" style:font-name-asian="Calibri" style:font-name-complex="Calibri" fo:font-weight="normal" style:font-weight-asian="normal" fo:font-style="normal" style:font-style-asian="normal" style:text-line-through-type="none" fo:color="#000000" style:text-position="0% 100%" fo:font-size="12pt" style:font-size-asian="12pt" style:font-size-complex="12pt" fo:background-color="transparent" style:text-underline-type="none" style:text-underline-color="#000000"/></style:style><style:style style:name="WW_CharLFO5LVL4" style:family="text"><style:text-properties style:font-name="Calibri" style:font-name-asian="Calibri" style:font-name-complex="Calibri" fo:font-weight="normal" style:font-weight-asian="normal" fo:font-style="normal" style:font-style-asian="normal" style:text-line-through-type="none" fo:color="#000000" style:text-position="0% 100%" fo:font-size="12pt" style:font-size-asian="12pt" style:font-size-complex="12pt" fo:background-color="transparent" style:text-underline-type="none" style:text-underline-color="#000000"/></style:style><style:style style:name="WW_CharLFO5LVL5" style:family="text"><style:text-properties style:font-name="Calibri" style:font-name-asian="Calibri" style:font-name-complex="Calibri" fo:font-weight="normal" style:font-weight-asian="normal" fo:font-style="normal" style:font-style-asian="normal" style:text-line-through-type="none" fo:color="#000000" style:text-position="0% 100%" fo:font-size="12pt" style:font-size-asian="12pt" style:font-size-complex="12pt" fo:background-color="transparent" style:text-underline-type="none" style:text-underline-color="#000000"/></style:style><style:style style:name="WW_CharLFO5LVL6" style:family="text"><style:text-properties style:font-name="Calibri" style:font-name-asian="Calibri" style:font-name-complex="Calibri" fo:font-weight="normal" style:font-weight-asian="normal" fo:font-style="normal" style:font-style-asian="normal" style:text-line-through-type="none" fo:color="#000000" style:text-position="0% 100%" fo:font-size="12pt" style:font-size-asian="12pt" style:font-size-complex="12pt" fo:background-color="transparent" style:text-underline-type="none" style:text-underline-color="#000000"/></style:style><style:style style:name="WW_CharLFO5LVL7" style:family="text"><style:text-properties style:font-name="Calibri" style:font-name-asian="Calibri" style:font-name-complex="Calibri" fo:font-weight="normal" style:font-weight-asian="normal" fo:font-style="normal" style:font-style-asian="normal" style:text-line-through-type="none" fo:color="#000000" style:text-position="0% 100%" fo:font-size="12pt" style:font-size-asian="12pt" style:font-size-complex="12pt" fo:background-color="transparent" style:text-underline-type="none" style:text-underline-color="#000000"/></style:style><style:style style:name="WW_CharLFO5LVL8" style:family="text"><style:text-properties style:font-name="Calibri" style:font-name-asian="Calibri" style:font-name-complex="Calibri" fo:font-weight="normal" style:font-weight-asian="normal" fo:font-style="normal" style:font-style-asian="normal" style:text-line-through-type="none" fo:color="#000000" style:text-position="0% 100%" fo:font-size="12pt" style:font-size-asian="12pt" style:font-size-complex="12pt" fo:background-color="transparent" style:text-underline-type="none" style:text-underline-color="#000000"/></style:style><style:style style:name="WW_CharLFO5LVL9" style:family="text"><style:text-properties style:font-name="Calibri" style:font-name-asian="Calibri" style:font-name-complex="Calibri" fo:font-weight="normal" style:font-weight-asian="normal" fo:font-style="normal" style:font-style-asian="normal" style:text-line-through-type="none" fo:color="#000000" style:text-position="0% 100%" fo:font-size="12pt" style:font-size-asian="12pt" style:font-size-complex="12pt" fo:background-color="transparent" style:text-underline-type="none" style:text-underline-color="#000000"/></style:style><style:style style:name="WW_CharLFO6LVL1" style:family="text"><style:text-properties style:font-name="Calibri" style:font-name-asian="Calibri" style:font-name-complex="Calibri" fo:font-weight="normal" style:font-weight-asian="normal" fo:font-style="normal" style:font-style-asian="normal" style:text-line-through-type="none" fo:color="#000000" style:text-position="0% 100%" fo:font-size="12pt" style:font-size-asian="12pt" style:font-size-complex="12pt" fo:background-color="transparent" style:text-underline-type="none" style:text-underline-color="#000000"/></style:style><style:style style:name="WW_CharLFO6LVL2" style:family="text"><style:text-properties style:font-name="Calibri" style:font-name-asian="Calibri" style:font-name-complex="Calibri" fo:font-weight="normal" style:font-weight-asian="normal" fo:font-style="normal" style:font-style-asian="normal" style:text-line-through-type="none" fo:color="#000000" style:text-position="0% 100%" fo:font-size="12pt" style:font-size-asian="12pt" style:font-size-complex="12pt" fo:background-color="transparent" style:text-underline-type="none" style:text-underline-color="#000000"/></style:style><style:style style:name="WW_CharLFO6LVL3" style:family="text"><style:text-properties style:font-name="Calibri" style:font-name-asian="Calibri" style:font-name-complex="Calibri" fo:font-weight="normal" style:font-weight-asian="normal" fo:font-style="normal" style:font-style-asian="normal" style:text-line-through-type="none" fo:color="#000000" style:text-position="0% 100%" fo:font-size="12pt" style:font-size-asian="12pt" style:font-size-complex="12pt" fo:background-color="transparent" style:text-underline-type="none" style:text-underline-color="#000000"/></style:style><style:style style:name="WW_CharLFO6LVL4" style:family="text"><style:text-properties style:font-name="Calibri" style:font-name-asian="Calibri" style:font-name-complex="Calibri" fo:font-weight="normal" style:font-weight-asian="normal" fo:font-style="normal" style:font-style-asian="normal" style:text-line-through-type="none" fo:color="#000000" style:text-position="0% 100%" fo:font-size="12pt" style:font-size-asian="12pt" style:font-size-complex="12pt" fo:background-color="transparent" style:text-underline-type="none" style:text-underline-color="#000000"/></style:style><style:style style:name="WW_CharLFO6LVL5" style:family="text"><style:text-properties style:font-name="Calibri" style:font-name-asian="Calibri" style:font-name-complex="Calibri" fo:font-weight="normal" style:font-weight-asian="normal" fo:font-style="normal" style:font-style-asian="normal" style:text-line-through-type="none" fo:color="#000000" style:text-position="0% 100%" fo:font-size="12pt" style:font-size-asian="12pt" style:font-size-complex="12pt" fo:background-color="transparent" style:text-underline-type="none" style:text-underline-color="#000000"/></style:style><style:style style:name="WW_CharLFO6LVL6" style:family="text"><style:text-properties style:font-name="Calibri" style:font-name-asian="Calibri" style:font-name-complex="Calibri" fo:font-weight="normal" style:font-weight-asian="normal" fo:font-style="normal" style:font-style-asian="normal" style:text-line-through-type="none" fo:color="#000000" style:text-position="0% 100%" fo:font-size="12pt" style:font-size-asian="12pt" style:font-size-complex="12pt" fo:background-color="transparent" style:text-underline-type="none" style:text-underline-color="#000000"/></style:style><style:style style:name="WW_CharLFO6LVL7" style:family="text"><style:text-properties style:font-name="Calibri" style:font-name-asian="Calibri" style:font-name-complex="Calibri" fo:font-weight="normal" style:font-weight-asian="normal" fo:font-style="normal" style:font-style-asian="normal" style:text-line-through-type="none" fo:color="#000000" style:text-position="0% 100%" fo:font-size="12pt" style:font-size-asian="12pt" style:font-size-complex="12pt" fo:background-color="transparent" style:text-underline-type="none" style:text-underline-color="#000000"/></style:style><style:style style:name="WW_CharLFO6LVL8" style:family="text"><style:text-properties style:font-name="Calibri" style:font-name-asian="Calibri" style:font-name-complex="Calibri" fo:font-weight="normal" style:font-weight-asian="normal" fo:font-style="normal" style:font-style-asian="normal" style:text-line-through-type="none" fo:color="#000000" style:text-position="0% 100%" fo:font-size="12pt" style:font-size-asian="12pt" style:font-size-complex="12pt" fo:background-color="transparent" style:text-underline-type="none" style:text-underline-color="#000000"/></style:style><style:style style:name="WW_CharLFO6LVL9" style:family="text"><style:text-properties style:font-name="Calibri" style:font-name-asian="Calibri" style:font-name-complex="Calibri" fo:font-weight="normal" style:font-weight-asian="normal" fo:font-style="normal" style:font-style-asian="normal" style:text-line-through-type="none" fo:color="#000000" style:text-position="0% 100%" fo:font-size="12pt" style:font-size-asian="12pt" style:font-size-complex="12pt" fo:background-color="transparent" style:text-underline-type="none" style:text-underline-color="#000000"/></style:style><style:style style:name="WW_CharLFO7LVL1" style:family="text"><style:text-properties style:font-name="Calibri" style:font-name-asian="Calibri" style:font-name-complex="Calibri" fo:font-weight="normal" style:font-weight-asian="normal" fo:font-style="normal" style:font-style-asian="normal" style:text-line-through-type="none" fo:color="#000000" style:text-position="0% 100%" fo:font-size="12pt" style:font-size-asian="12pt" style:font-size-complex="12pt" fo:background-color="transparent" style:text-underline-type="none" style:text-underline-color="#000000"/></style:style><style:style style:name="WW_CharLFO7LVL2" style:family="text"><style:text-properties style:font-name="Calibri" style:font-name-asian="Calibri" style:font-name-complex="Calibri" fo:font-weight="normal" style:font-weight-asian="normal" fo:font-style="normal" style:font-style-asian="normal" style:text-line-through-type="none" fo:color="#000000" style:text-position="0% 100%" fo:font-size="12pt" style:font-size-asian="12pt" style:font-size-complex="12pt" fo:background-color="transparent" style:text-underline-type="none" style:text-underline-color="#000000"/></style:style><style:style style:name="WW_CharLFO7LVL3" style:family="text"><style:text-properties style:font-name="Calibri" style:font-name-asian="Calibri" style:font-name-complex="Calibri" fo:font-weight="normal" style:font-weight-asian="normal" fo:font-style="normal" style:font-style-asian="normal" style:text-line-through-type="none" fo:color="#000000" style:text-position="0% 100%" fo:font-size="12pt" style:font-size-asian="12pt" style:font-size-complex="12pt" fo:background-color="transparent" style:text-underline-type="none" style:text-underline-color="#000000"/></style:style><style:style style:name="WW_CharLFO7LVL4" style:family="text"><style:text-properties style:font-name="Calibri" style:font-name-asian="Calibri" style:font-name-complex="Calibri" fo:font-weight="normal" style:font-weight-asian="normal" fo:font-style="normal" style:font-style-asian="normal" style:text-line-through-type="none" fo:color="#000000" style:text-position="0% 100%" fo:font-size="12pt" style:font-size-asian="12pt" style:font-size-complex="12pt" fo:background-color="transparent" style:text-underline-type="none" style:text-underline-color="#000000"/></style:style><style:style style:name="WW_CharLFO7LVL5" style:family="text"><style:text-properties style:font-name="Calibri" style:font-name-asian="Calibri" style:font-name-complex="Calibri" fo:font-weight="normal" style:font-weight-asian="normal" fo:font-style="normal" style:font-style-asian="normal" style:text-line-through-type="none" fo:color="#000000" style:text-position="0% 100%" fo:font-size="12pt" style:font-size-asian="12pt" style:font-size-complex="12pt" fo:background-color="transparent" style:text-underline-type="none" style:text-underline-color="#000000"/></style:style><style:style style:name="WW_CharLFO7LVL6" style:family="text"><style:text-properties style:font-name="Calibri" style:font-name-asian="Calibri" style:font-name-complex="Calibri" fo:font-weight="normal" style:font-weight-asian="normal" fo:font-style="normal" style:font-style-asian="normal" style:text-line-through-type="none" fo:color="#000000" style:text-position="0% 100%" fo:font-size="12pt" style:font-size-asian="12pt" style:font-size-complex="12pt" fo:background-color="transparent" style:text-underline-type="none" style:text-underline-color="#000000"/></style:style><style:style style:name="WW_CharLFO7LVL7" style:family="text"><style:text-properties style:font-name="Calibri" style:font-name-asian="Calibri" style:font-name-complex="Calibri" fo:font-weight="normal" style:font-weight-asian="normal" fo:font-style="normal" style:font-style-asian="normal" style:text-line-through-type="none" fo:color="#000000" style:text-position="0% 100%" fo:font-size="12pt" style:font-size-asian="12pt" style:font-size-complex="12pt" fo:background-color="transparent" style:text-underline-type="none" style:text-underline-color="#000000"/></style:style><style:style style:name="WW_CharLFO7LVL8" style:family="text"><style:text-properties style:font-name="Calibri" style:font-name-asian="Calibri" style:font-name-complex="Calibri" fo:font-weight="normal" style:font-weight-asian="normal" fo:font-style="normal" style:font-style-asian="normal" style:text-line-through-type="none" fo:color="#000000" style:text-position="0% 100%" fo:font-size="12pt" style:font-size-asian="12pt" style:font-size-complex="12pt" fo:background-color="transparent" style:text-underline-type="none" style:text-underline-color="#000000"/></style:style><style:style style:name="WW_CharLFO7LVL9" style:family="text"><style:text-properties style:font-name="Calibri" style:font-name-asian="Calibri" style:font-name-complex="Calibri" fo:font-weight="normal" style:font-weight-asian="normal" fo:font-style="normal" style:font-style-asian="normal" style:text-line-through-type="none" fo:color="#000000" style:text-position="0% 100%" fo:font-size="12pt" style:font-size-asian="12pt" style:font-size-complex="12pt" fo:background-color="transparent" style:text-underline-type="none" style:text-underline-color="#000000"/></style:style><style:style style:name="WW_CharLFO8LVL1" style:family="text"><style:text-properties style:font-name="Calibri" style:font-name-asian="Calibri" style:font-name-complex="Calibri" fo:font-weight="normal" style:font-weight-asian="normal" fo:font-style="normal" style:font-style-asian="normal" style:text-line-through-type="none" fo:color="#000000" style:text-position="0% 100%" fo:font-size="12pt" style:font-size-asian="12pt" style:font-size-complex="12pt" fo:background-color="transparent" style:text-underline-type="none" style:text-underline-color="#000000"/></style:style><style:style style:name="WW_CharLFO8LVL2" style:family="text"><style:text-properties style:font-name="Calibri" style:font-name-asian="Calibri" style:font-name-complex="Calibri" fo:font-weight="normal" style:font-weight-asian="normal" fo:font-style="normal" style:font-style-asian="normal" style:text-line-through-type="none" fo:color="#000000" style:text-position="0% 100%" fo:font-size="12pt" style:font-size-asian="12pt" style:font-size-complex="12pt" fo:background-color="transparent" style:text-underline-type="none" style:text-underline-color="#000000"/></style:style><style:style style:name="WW_CharLFO8LVL3" style:family="text"><style:text-properties style:font-name="Calibri" style:font-name-asian="Calibri" style:font-name-complex="Calibri" fo:font-weight="normal" style:font-weight-asian="normal" fo:font-style="normal" style:font-style-asian="normal" style:text-line-through-type="none" fo:color="#000000" style:text-position="0% 100%" fo:font-size="12pt" style:font-size-asian="12pt" style:font-size-complex="12pt" fo:background-color="transparent" style:text-underline-type="none" style:text-underline-color="#000000"/></style:style><style:style style:name="WW_CharLFO8LVL4" style:family="text"><style:text-properties style:font-name="Calibri" style:font-name-asian="Calibri" style:font-name-complex="Calibri" fo:font-weight="normal" style:font-weight-asian="normal" fo:font-style="normal" style:font-style-asian="normal" style:text-line-through-type="none" fo:color="#000000" style:text-position="0% 100%" fo:font-size="12pt" style:font-size-asian="12pt" style:font-size-complex="12pt" fo:background-color="transparent" style:text-underline-type="none" style:text-underline-color="#000000"/></style:style><style:style style:name="WW_CharLFO8LVL5" style:family="text"><style:text-properties style:font-name="Calibri" style:font-name-asian="Calibri" style:font-name-complex="Calibri" fo:font-weight="normal" style:font-weight-asian="normal" fo:font-style="normal" style:font-style-asian="normal" style:text-line-through-type="none" fo:color="#000000" style:text-position="0% 100%" fo:font-size="12pt" style:font-size-asian="12pt" style:font-size-complex="12pt" fo:background-color="transparent" style:text-underline-type="none" style:text-underline-color="#000000"/></style:style><style:style style:name="WW_CharLFO8LVL6" style:family="text"><style:text-properties style:font-name="Calibri" style:font-name-asian="Calibri" style:font-name-complex="Calibri" fo:font-weight="normal" style:font-weight-asian="normal" fo:font-style="normal" style:font-style-asian="normal" style:text-line-through-type="none" fo:color="#000000" style:text-position="0% 100%" fo:font-size="12pt" style:font-size-asian="12pt" style:font-size-complex="12pt" fo:background-color="transparent" style:text-underline-type="none" style:text-underline-color="#000000"/></style:style><style:style style:name="WW_CharLFO8LVL7" style:family="text"><style:text-properties style:font-name="Calibri" style:font-name-asian="Calibri" style:font-name-complex="Calibri" fo:font-weight="normal" style:font-weight-asian="normal" fo:font-style="normal" style:font-style-asian="normal" style:text-line-through-type="none" fo:color="#000000" style:text-position="0% 100%" fo:font-size="12pt" style:font-size-asian="12pt" style:font-size-complex="12pt" fo:background-color="transparent" style:text-underline-type="none" style:text-underline-color="#000000"/></style:style><style:style style:name="WW_CharLFO8LVL8" style:family="text"><style:text-properties style:font-name="Calibri" style:font-name-asian="Calibri" style:font-name-complex="Calibri" fo:font-weight="normal" style:font-weight-asian="normal" fo:font-style="normal" style:font-style-asian="normal" style:text-line-through-type="none" fo:color="#000000" style:text-position="0% 100%" fo:font-size="12pt" style:font-size-asian="12pt" style:font-size-complex="12pt" fo:background-color="transparent" style:text-underline-type="none" style:text-underline-color="#000000"/></style:style><style:style style:name="WW_CharLFO8LVL9" style:family="text"><style:text-properties style:font-name="Calibri" style:font-name-asian="Calibri" style:font-name-complex="Calibri" fo:font-weight="normal" style:font-weight-asian="normal" fo:font-style="normal" style:font-style-asian="normal" style:text-line-through-type="none" fo:color="#000000" style:text-position="0% 100%" fo:font-size="12pt" style:font-size-asian="12pt" style:font-size-complex="12pt" fo:background-color="transparent" style:text-underline-type="none" style:text-underline-color="#000000"/></style:style><style:default-page-layout><style:page-layout-properties style:layout-grid-standard-mode="true"/></style:default-page-layout><style:style style:family="graphic" style:name="Graphics"/><style:default-style style:family="graphic"><style:graphic-properties draw:fill="solid" draw:fill-color="#5b9bd5" draw:opacity="100%" draw:stroke="solid" svg:stroke-width="0.01389in" svg:stroke-color="#41719c" svg:stroke-opacity="100%" draw:stroke-linejoin="miter" svg:stroke-linecap="butt"/></style:default-style></office:styles><office:automatic-styles><text:list-style style:name="LFO1"><text:list-level-style-bullet text:level="1" text:style-name="WW_CharLFO1LVL1" text:bullet-char="•"><style:list-level-properties text:space-before="0.75in" text:min-label-width="0in" text:list-level-position-and-space-mode="label-alignment"><style:list-level-label-alignment text:label-followed-by="listtab" fo:margin-left="0.75in" fo:text-indent="0in"/></style:list-level-properties><style:text-properties style:font-name="Calibri"/></text:list-level-style-bullet><text:list-level-style-bullet text:level="2" text:style-name="WW_CharLFO1LVL2" text:bullet-char="o"><style:list-level-properties text:space-before="1.25in" text:min-label-width="0in" text:list-level-position-and-space-mode="label-alignment"><style:list-level-label-alignment text:label-followed-by="listtab" fo:margin-left="1.25in" fo:text-indent="0in"/></style:list-level-properties><style:text-properties style:font-name="Calibri"/></text:list-level-style-bullet><text:list-level-style-bullet text:level="3" text:style-name="WW_CharLFO1LVL3" text:bullet-char="▪"><style:list-level-properties text:space-before="1.75in" text:min-label-width="0in" text:list-level-position-and-space-mode="label-alignment"><style:list-level-label-alignment text:label-followed-by="listtab" fo:margin-left="1.75in" fo:text-indent="0in"/></style:list-level-properties><style:text-properties style:font-name="Calibri"/></text:list-level-style-bullet><text:list-level-style-bullet text:level="4" text:style-name="WW_CharLFO1LVL4" text:bullet-char="•"><style:list-level-properties text:space-before="2.25in" text:min-label-width="0in" text:list-level-position-and-space-mode="label-alignment"><style:list-level-label-alignment text:label-followed-by="listtab" fo:margin-left="2.25in" fo:text-indent="0in"/></style:list-level-properties><style:text-properties style:font-name="Calibri"/></text:list-level-style-bullet><text:list-level-style-bullet text:level="5" text:style-name="WW_CharLFO1LVL5" text:bullet-char="o"><style:list-level-properties text:space-before="2.75in" text:min-label-width="0in" text:list-level-position-and-space-mode="label-alignment"><style:list-level-label-alignment text:label-followed-by="listtab" fo:margin-left="2.75in" fo:text-indent="0in"/></style:list-level-properties><style:text-properties style:font-name="Calibri"/></text:list-level-style-bullet><text:list-level-style-bullet text:level="6" text:style-name="WW_CharLFO1LVL6" text:bullet-char="▪"><style:list-level-properties text:space-before="3.25in" text:min-label-width="0in" text:list-level-position-and-space-mode="label-alignment"><style:list-level-label-alignment text:label-followed-by="listtab" fo:margin-left="3.25in" fo:text-indent="0in"/></style:list-level-properties><style:text-properties style:font-name="Calibri"/></text:list-level-style-bullet><text:list-level-style-bullet text:level="7" text:style-name="WW_CharLFO1LVL7" text:bullet-char="•"><style:list-level-properties text:space-before="3.75in" text:min-label-width="0in" text:list-level-position-and-space-mode="label-alignment"><style:list-level-label-alignment text:label-followed-by="listtab" fo:margin-left="3.75in" fo:text-indent="0in"/></style:list-level-properties><style:text-properties style:font-name="Calibri"/></text:list-level-style-bullet><text:list-level-style-bullet text:level="8" text:style-name="WW_CharLFO1LVL8" text:bullet-char="o"><style:list-level-properties text:space-before="4.25in" text:min-label-width="0in" text:list-level-position-and-space-mode="label-alignment"><style:list-level-label-alignment text:label-followed-by="listtab" fo:margin-left="4.25in" fo:text-indent="0in"/></style:list-level-properties><style:text-properties style:font-name="Calibri"/></text:list-level-style-bullet><text:list-level-style-bullet text:level="9" text:style-name="WW_CharLFO1LVL9" text:bullet-char="▪"><style:list-level-properties text:space-before="4.75in" text:min-label-width="0in" text:list-level-position-and-space-mode="label-alignment"><style:list-level-label-alignment text:label-followed-by="listtab" fo:margin-left="4.75in" fo:text-indent="0in"/></style:list-level-properties><style:text-properties style:font-name="Calibri"/></text:list-level-style-bullet></text:list-style><text:list-style style:name="LFO2"><text:list-level-style-number text:level="1" text:style-name="WW_CharLFO2LVL1" style:num-format="1" text:start-value="4"><style:list-level-properties text:space-before="0.2361in" text:min-label-width="0in" text:list-level-position-and-space-mode="label-alignment"><style:list-level-label-alignment text:label-followed-by="listtab" fo:margin-left="0.2361in" fo:text-indent="0in"/></style:list-level-properties></text:list-level-style-number><text:list-level-style-bullet text:level="2" text:style-name="WW_CharLFO2LVL2" text:bullet-char="•"><style:list-level-properties text:space-before="0.4895in" text:min-label-width="0in" text:list-level-position-and-space-mode="label-alignment"><style:list-level-label-alignment text:label-followed-by="listtab" fo:margin-left="0.4895in" fo:text-indent="0in"/></style:list-level-properties><style:text-properties style:font-name="Calibri"/></text:list-level-style-bullet><text:list-level-style-bullet text:level="3" text:style-name="WW_CharLFO2LVL3" text:bullet-char="▪"><style:list-level-properties text:space-before="1in" text:min-label-width="0in" text:list-level-position-and-space-mode="label-alignment"><style:list-level-label-alignment text:label-followed-by="listtab" fo:margin-left="1in" fo:text-indent="0in"/></style:list-level-properties><style:text-properties style:font-name="Calibri"/></text:list-level-style-bullet><text:list-level-style-bullet text:level="4" text:style-name="WW_CharLFO2LVL4" text:bullet-char="•"><style:list-level-properties text:space-before="1.5in" text:min-label-width="0in" text:list-level-position-and-space-mode="label-alignment"><style:list-level-label-alignment text:label-followed-by="listtab" fo:margin-left="1.5in" fo:text-indent="0in"/></style:list-level-properties><style:text-properties style:font-name="Calibri"/></text:list-level-style-bullet><text:list-level-style-bullet text:level="5" text:style-name="WW_CharLFO2LVL5" text:bullet-char="o"><style:list-level-properties text:space-before="2in" text:min-label-width="0in" text:list-level-position-and-space-mode="label-alignment"><style:list-level-label-alignment text:label-followed-by="listtab" fo:margin-left="2in" fo:text-indent="0in"/></style:list-level-properties><style:text-properties style:font-name="Calibri"/></text:list-level-style-bullet><text:list-level-style-bullet text:level="6" text:style-name="WW_CharLFO2LVL6" text:bullet-char="▪"><style:list-level-properties text:space-before="2.5in" text:min-label-width="0in" text:list-level-position-and-space-mode="label-alignment"><style:list-level-label-alignment text:label-followed-by="listtab" fo:margin-left="2.5in" fo:text-indent="0in"/></style:list-level-properties><style:text-properties style:font-name="Calibri"/></text:list-level-style-bullet><text:list-level-style-bullet text:level="7" text:style-name="WW_CharLFO2LVL7" text:bullet-char="•"><style:list-level-properties text:space-before="3in" text:min-label-width="0in" text:list-level-position-and-space-mode="label-alignment"><style:list-level-label-alignment text:label-followed-by="listtab" fo:margin-left="3in" fo:text-indent="0in"/></style:list-level-properties><style:text-properties style:font-name="Calibri"/></text:list-level-style-bullet><text:list-level-style-bullet text:level="8" text:style-name="WW_CharLFO2LVL8" text:bullet-char="o"><style:list-level-properties text:space-before="3.5in" text:min-label-width="0in" text:list-level-position-and-space-mode="label-alignment"><style:list-level-label-alignment text:label-followed-by="listtab" fo:margin-left="3.5in" fo:text-indent="0in"/></style:list-level-properties><style:text-properties style:font-name="Calibri"/></text:list-level-style-bullet><text:list-level-style-bullet text:level="9" text:style-name="WW_CharLFO2LVL9" text:bullet-char="▪"><style:list-level-properties text:space-before="4in" text:min-label-width="0in" text:list-level-position-and-space-mode="label-alignment"><style:list-level-label-alignment text:label-followed-by="listtab" fo:margin-left="4in" fo:text-indent="0in"/></style:list-level-properties><style:text-properties style:font-name="Calibri"/></text:list-level-style-bullet></text:list-style><text:list-style style:name="LFO3"><text:list-level-style-bullet text:level="1" text:style-name="WW_CharLFO3LVL1" text:bullet-char="•"><style:list-level-properties text:space-before="0.4895in" text:min-label-width="0in" text:list-level-position-and-space-mode="label-alignment"><style:list-level-label-alignment text:label-followed-by="listtab" fo:margin-left="0.4895in" fo:text-indent="0in"/></style:list-level-properties><style:text-properties style:font-name="Calibri"/></text:list-level-style-bullet><text:list-level-style-bullet text:level="2" text:style-name="WW_CharLFO3LVL2" text:bullet-char="o"><style:list-level-properties text:space-before="1in" text:min-label-width="0in" text:list-level-position-and-space-mode="label-alignment"><style:list-level-label-alignment text:label-followed-by="listtab" fo:margin-left="1in" fo:text-indent="0in"/></style:list-level-properties><style:text-properties style:font-name="Calibri"/></text:list-level-style-bullet><text:list-level-style-bullet text:level="3" text:style-name="WW_CharLFO3LVL3" text:bullet-char="▪"><style:list-level-properties text:space-before="1.5in" text:min-label-width="0in" text:list-level-position-and-space-mode="label-alignment"><style:list-level-label-alignment text:label-followed-by="listtab" fo:margin-left="1.5in" fo:text-indent="0in"/></style:list-level-properties><style:text-properties style:font-name="Calibri"/></text:list-level-style-bullet><text:list-level-style-bullet text:level="4" text:style-name="WW_CharLFO3LVL4" text:bullet-char="•"><style:list-level-properties text:space-before="2in" text:min-label-width="0in" text:list-level-position-and-space-mode="label-alignment"><style:list-level-label-alignment text:label-followed-by="listtab" fo:margin-left="2in" fo:text-indent="0in"/></style:list-level-properties><style:text-properties style:font-name="Calibri"/></text:list-level-style-bullet><text:list-level-style-bullet text:level="5" text:style-name="WW_CharLFO3LVL5" text:bullet-char="o"><style:list-level-properties text:space-before="2.5in" text:min-label-width="0in" text:list-level-position-and-space-mode="label-alignment"><style:list-level-label-alignment text:label-followed-by="listtab" fo:margin-left="2.5in" fo:text-indent="0in"/></style:list-level-properties><style:text-properties style:font-name="Calibri"/></text:list-level-style-bullet><text:list-level-style-bullet text:level="6" text:style-name="WW_CharLFO3LVL6" text:bullet-char="▪"><style:list-level-properties text:space-before="3in" text:min-label-width="0in" text:list-level-position-and-space-mode="label-alignment"><style:list-level-label-alignment text:label-followed-by="listtab" fo:margin-left="3in" fo:text-indent="0in"/></style:list-level-properties><style:text-properties style:font-name="Calibri"/></text:list-level-style-bullet><text:list-level-style-bullet text:level="7" text:style-name="WW_CharLFO3LVL7" text:bullet-char="•"><style:list-level-properties text:space-before="3.5in" text:min-label-width="0in" text:list-level-position-and-space-mode="label-alignment"><style:list-level-label-alignment text:label-followed-by="listtab" fo:margin-left="3.5in" fo:text-indent="0in"/></style:list-level-properties><style:text-properties style:font-name="Calibri"/></text:list-level-style-bullet><text:list-level-style-bullet text:level="8" text:style-name="WW_CharLFO3LVL8" text:bullet-char="o"><style:list-level-properties text:space-before="4in" text:min-label-width="0in" text:list-level-position-and-space-mode="label-alignment"><style:list-level-label-alignment text:label-followed-by="listtab" fo:margin-left="4in" fo:text-indent="0in"/></style:list-level-properties><style:text-properties style:font-name="Calibri"/></text:list-level-style-bullet><text:list-level-style-bullet text:level="9" text:style-name="WW_CharLFO3LVL9" text:bullet-char="▪"><style:list-level-properties text:space-before="4.5in" text:min-label-width="0in" text:list-level-position-and-space-mode="label-alignment"><style:list-level-label-alignment text:label-followed-by="listtab" fo:margin-left="4.5in" fo:text-indent="0in"/></style:list-level-properties><style:text-properties style:font-name="Calibri"/></text:list-level-style-bullet></text:list-style><text:list-style style:name="LFO4"><text:list-level-style-bullet text:level="1" text:style-name="WW_CharLFO4LVL1" text:bullet-char="•"><style:list-level-properties text:space-before="0.4895in" text:min-label-width="0in" text:list-level-position-and-space-mode="label-alignment"><style:list-level-label-alignment text:label-followed-by="listtab" fo:margin-left="0.4895in" fo:text-indent="0in"/></style:list-level-properties><style:text-properties style:font-name="Calibri"/></text:list-level-style-bullet><text:list-level-style-bullet text:level="2" text:style-name="WW_CharLFO4LVL2" text:bullet-char="o"><style:list-level-properties text:space-before="1in" text:min-label-width="0in" text:list-level-position-and-space-mode="label-alignment"><style:list-level-label-alignment text:label-followed-by="listtab" fo:margin-left="1in" fo:text-indent="0in"/></style:list-level-properties><style:text-properties style:font-name="Calibri"/></text:list-level-style-bullet><text:list-level-style-bullet text:level="3" text:style-name="WW_CharLFO4LVL3" text:bullet-char="▪"><style:list-level-properties text:space-before="1.5in" text:min-label-width="0in" text:list-level-position-and-space-mode="label-alignment"><style:list-level-label-alignment text:label-followed-by="listtab" fo:margin-left="1.5in" fo:text-indent="0in"/></style:list-level-properties><style:text-properties style:font-name="Calibri"/></text:list-level-style-bullet><text:list-level-style-bullet text:level="4" text:style-name="WW_CharLFO4LVL4" text:bullet-char="•"><style:list-level-properties text:space-before="2in" text:min-label-width="0in" text:list-level-position-and-space-mode="label-alignment"><style:list-level-label-alignment text:label-followed-by="listtab" fo:margin-left="2in" fo:text-indent="0in"/></style:list-level-properties><style:text-properties style:font-name="Calibri"/></text:list-level-style-bullet><text:list-level-style-bullet text:level="5" text:style-name="WW_CharLFO4LVL5" text:bullet-char="o"><style:list-level-properties text:space-before="2.5in" text:min-label-width="0in" text:list-level-position-and-space-mode="label-alignment"><style:list-level-label-alignment text:label-followed-by="listtab" fo:margin-left="2.5in" fo:text-indent="0in"/></style:list-level-properties><style:text-properties style:font-name="Calibri"/></text:list-level-style-bullet><text:list-level-style-bullet text:level="6" text:style-name="WW_CharLFO4LVL6" text:bullet-char="▪"><style:list-level-properties text:space-before="3in" text:min-label-width="0in" text:list-level-position-and-space-mode="label-alignment"><style:list-level-label-alignment text:label-followed-by="listtab" fo:margin-left="3in" fo:text-indent="0in"/></style:list-level-properties><style:text-properties style:font-name="Calibri"/></text:list-level-style-bullet><text:list-level-style-bullet text:level="7" text:style-name="WW_CharLFO4LVL7" text:bullet-char="•"><style:list-level-properties text:space-before="3.5in" text:min-label-width="0in" text:list-level-position-and-space-mode="label-alignment"><style:list-level-label-alignment text:label-followed-by="listtab" fo:margin-left="3.5in" fo:text-indent="0in"/></style:list-level-properties><style:text-properties style:font-name="Calibri"/></text:list-level-style-bullet><text:list-level-style-bullet text:level="8" text:style-name="WW_CharLFO4LVL8" text:bullet-char="o"><style:list-level-properties text:space-before="4in" text:min-label-width="0in" text:list-level-position-and-space-mode="label-alignment"><style:list-level-label-alignment text:label-followed-by="listtab" fo:margin-left="4in" fo:text-indent="0in"/></style:list-level-properties><style:text-properties style:font-name="Calibri"/></text:list-level-style-bullet><text:list-level-style-bullet text:level="9" text:style-name="WW_CharLFO4LVL9" text:bullet-char="▪"><style:list-level-properties text:space-before="4.5in" text:min-label-width="0in" text:list-level-position-and-space-mode="label-alignment"><style:list-level-label-alignment text:label-followed-by="listtab" fo:margin-left="4.5in" fo:text-indent="0in"/></style:list-level-properties><style:text-properties style:font-name="Calibri"/></text:list-level-style-bullet></text:list-style><text:list-style style:name="LFO5"><text:list-level-style-number text:level="1" text:style-name="WW_CharLFO5LVL1" style:num-suffix="." style:num-format="1"><style:list-level-properties text:space-before="0.4895in" text:min-label-width="0in" text:list-level-position-and-space-mode="label-alignment"><style:list-level-label-alignment text:label-followed-by="listtab" fo:margin-left="0.4895in" fo:text-indent="0in"/></style:list-level-properties></text:list-level-style-number><text:list-level-style-number text:level="2" text:style-name="WW_CharLFO5LVL2" style:num-format="a" style:num-letter-sync="true"><style:list-level-properties text:space-before="1in" text:min-label-width="0in" text:list-level-position-and-space-mode="label-alignment"><style:list-level-label-alignment text:label-followed-by="listtab" fo:margin-left="1in" fo:text-indent="0in"/></style:list-level-properties></text:list-level-style-number><text:list-level-style-number text:level="3" text:style-name="WW_CharLFO5LVL3" style:num-format="i"><style:list-level-properties text:space-before="1.5in" text:min-label-width="0in" text:list-level-position-and-space-mode="label-alignment"><style:list-level-label-alignment text:label-followed-by="listtab" fo:margin-left="1.5in" fo:text-indent="0in"/></style:list-level-properties></text:list-level-style-number><text:list-level-style-number text:level="4" text:style-name="WW_CharLFO5LVL4" style:num-format="1"><style:list-level-properties text:space-before="2in" text:min-label-width="0in" text:list-level-position-and-space-mode="label-alignment"><style:list-level-label-alignment text:label-followed-by="listtab" fo:margin-left="2in" fo:text-indent="0in"/></style:list-level-properties></text:list-level-style-number><text:list-level-style-number text:level="5" text:style-name="WW_CharLFO5LVL5" style:num-format="a" style:num-letter-sync="true"><style:list-level-properties text:space-before="2.5in" text:min-label-width="0in" text:list-level-position-and-space-mode="label-alignment"><style:list-level-label-alignment text:label-followed-by="listtab" fo:margin-left="2.5in" fo:text-indent="0in"/></style:list-level-properties></text:list-level-style-number><text:list-level-style-number text:level="6" text:style-name="WW_CharLFO5LVL6" style:num-format="i"><style:list-level-properties text:space-before="3in" text:min-label-width="0in" text:list-level-position-and-space-mode="label-alignment"><style:list-level-label-alignment text:label-followed-by="listtab" fo:margin-left="3in" fo:text-indent="0in"/></style:list-level-properties></text:list-level-style-number><text:list-level-style-number text:level="7" text:style-name="WW_CharLFO5LVL7" style:num-format="1"><style:list-level-properties text:space-before="3.5in" text:min-label-width="0in" text:list-level-position-and-space-mode="label-alignment"><style:list-level-label-alignment text:label-followed-by="listtab" fo:margin-left="3.5in" fo:text-indent="0in"/></style:list-level-properties></text:list-level-style-number><text:list-level-style-number text:level="8" text:style-name="WW_CharLFO5LVL8" style:num-format="a" style:num-letter-sync="true"><style:list-level-properties text:space-before="4in" text:min-label-width="0in" text:list-level-position-and-space-mode="label-alignment"><style:list-level-label-alignment text:label-followed-by="listtab" fo:margin-left="4in" fo:text-indent="0in"/></style:list-level-properties></text:list-level-style-number><text:list-level-style-number text:level="9" text:style-name="WW_CharLFO5LVL9" style:num-format="i"><style:list-level-properties text:space-before="4.5in" text:min-label-width="0in" text:list-level-position-and-space-mode="label-alignment"><style:list-level-label-alignment text:label-followed-by="listtab" fo:margin-left="4.5in" fo:text-indent="0in"/></style:list-level-properties></text:list-level-style-number></text:list-style><text:list-style style:name="LFO6"><text:list-level-style-bullet text:level="1" text:style-name="WW_CharLFO6LVL1" text:bullet-char="•"><style:list-level-properties text:space-before="0.2395in" text:min-label-width="0in" text:list-level-position-and-space-mode="label-alignment"><style:list-level-label-alignment text:label-followed-by="listtab" fo:margin-left="0.2395in" fo:text-indent="0in"/></style:list-level-properties><style:text-properties style:font-name="Calibri"/></text:list-level-style-bullet><text:list-level-style-bullet text:level="2" text:style-name="WW_CharLFO6LVL2" text:bullet-char="o"><style:list-level-properties text:space-before="1in" text:min-label-width="0in" text:list-level-position-and-space-mode="label-alignment"><style:list-level-label-alignment text:label-followed-by="listtab" fo:margin-left="1in" fo:text-indent="0in"/></style:list-level-properties><style:text-properties style:font-name="Calibri"/></text:list-level-style-bullet><text:list-level-style-bullet text:level="3" text:style-name="WW_CharLFO6LVL3" text:bullet-char="▪"><style:list-level-properties text:space-before="1.5in" text:min-label-width="0in" text:list-level-position-and-space-mode="label-alignment"><style:list-level-label-alignment text:label-followed-by="listtab" fo:margin-left="1.5in" fo:text-indent="0in"/></style:list-level-properties><style:text-properties style:font-name="Calibri"/></text:list-level-style-bullet><text:list-level-style-bullet text:level="4" text:style-name="WW_CharLFO6LVL4" text:bullet-char="•"><style:list-level-properties text:space-before="2in" text:min-label-width="0in" text:list-level-position-and-space-mode="label-alignment"><style:list-level-label-alignment text:label-followed-by="listtab" fo:margin-left="2in" fo:text-indent="0in"/></style:list-level-properties><style:text-properties style:font-name="Calibri"/></text:list-level-style-bullet><text:list-level-style-bullet text:level="5" text:style-name="WW_CharLFO6LVL5" text:bullet-char="o"><style:list-level-properties text:space-before="2.5in" text:min-label-width="0in" text:list-level-position-and-space-mode="label-alignment"><style:list-level-label-alignment text:label-followed-by="listtab" fo:margin-left="2.5in" fo:text-indent="0in"/></style:list-level-properties><style:text-properties style:font-name="Calibri"/></text:list-level-style-bullet><text:list-level-style-bullet text:level="6" text:style-name="WW_CharLFO6LVL6" text:bullet-char="▪"><style:list-level-properties text:space-before="3in" text:min-label-width="0in" text:list-level-position-and-space-mode="label-alignment"><style:list-level-label-alignment text:label-followed-by="listtab" fo:margin-left="3in" fo:text-indent="0in"/></style:list-level-properties><style:text-properties style:font-name="Calibri"/></text:list-level-style-bullet><text:list-level-style-bullet text:level="7" text:style-name="WW_CharLFO6LVL7" text:bullet-char="•"><style:list-level-properties text:space-before="3.5in" text:min-label-width="0in" text:list-level-position-and-space-mode="label-alignment"><style:list-level-label-alignment text:label-followed-by="listtab" fo:margin-left="3.5in" fo:text-indent="0in"/></style:list-level-properties><style:text-properties style:font-name="Calibri"/></text:list-level-style-bullet><text:list-level-style-bullet text:level="8" text:style-name="WW_CharLFO6LVL8" text:bullet-char="o"><style:list-level-properties text:space-before="4in" text:min-label-width="0in" text:list-level-position-and-space-mode="label-alignment"><style:list-level-label-alignment text:label-followed-by="listtab" fo:margin-left="4in" fo:text-indent="0in"/></style:list-level-properties><style:text-properties style:font-name="Calibri"/></text:list-level-style-bullet><text:list-level-style-bullet text:level="9" text:style-name="WW_CharLFO6LVL9" text:bullet-char="▪"><style:list-level-properties text:space-before="4.5in" text:min-label-width="0in" text:list-level-position-and-space-mode="label-alignment"><style:list-level-label-alignment text:label-followed-by="listtab" fo:margin-left="4.5in" fo:text-indent="0in"/></style:list-level-properties><style:text-properties style:font-name="Calibri"/></text:list-level-style-bullet></text:list-style><text:list-style style:name="LFO7"><text:list-level-style-bullet text:level="1" text:style-name="WW_CharLFO7LVL1" text:bullet-char="•"><style:list-level-properties text:space-before="0.4895in" text:min-label-width="0in" text:list-level-position-and-space-mode="label-alignment"><style:list-level-label-alignment text:label-followed-by="listtab" fo:margin-left="0.4895in" fo:text-indent="0in"/></style:list-level-properties><style:text-properties style:font-name="Calibri"/></text:list-level-style-bullet><text:list-level-style-bullet text:level="2" text:style-name="WW_CharLFO7LVL2" text:bullet-char="o"><style:list-level-properties text:space-before="1in" text:min-label-width="0in" text:list-level-position-and-space-mode="label-alignment"><style:list-level-label-alignment text:label-followed-by="listtab" fo:margin-left="1in" fo:text-indent="0in"/></style:list-level-properties><style:text-properties style:font-name="Calibri"/></text:list-level-style-bullet><text:list-level-style-bullet text:level="3" text:style-name="WW_CharLFO7LVL3" text:bullet-char="▪"><style:list-level-properties text:space-before="1.5in" text:min-label-width="0in" text:list-level-position-and-space-mode="label-alignment"><style:list-level-label-alignment text:label-followed-by="listtab" fo:margin-left="1.5in" fo:text-indent="0in"/></style:list-level-properties><style:text-properties style:font-name="Calibri"/></text:list-level-style-bullet><text:list-level-style-bullet text:level="4" text:style-name="WW_CharLFO7LVL4" text:bullet-char="•"><style:list-level-properties text:space-before="2in" text:min-label-width="0in" text:list-level-position-and-space-mode="label-alignment"><style:list-level-label-alignment text:label-followed-by="listtab" fo:margin-left="2in" fo:text-indent="0in"/></style:list-level-properties><style:text-properties style:font-name="Calibri"/></text:list-level-style-bullet><text:list-level-style-bullet text:level="5" text:style-name="WW_CharLFO7LVL5" text:bullet-char="o"><style:list-level-properties text:space-before="2.5in" text:min-label-width="0in" text:list-level-position-and-space-mode="label-alignment"><style:list-level-label-alignment text:label-followed-by="listtab" fo:margin-left="2.5in" fo:text-indent="0in"/></style:list-level-properties><style:text-properties style:font-name="Calibri"/></text:list-level-style-bullet><text:list-level-style-bullet text:level="6" text:style-name="WW_CharLFO7LVL6" text:bullet-char="▪"><style:list-level-properties text:space-before="3in" text:min-label-width="0in" text:list-level-position-and-space-mode="label-alignment"><style:list-level-label-alignment text:label-followed-by="listtab" fo:margin-left="3in" fo:text-indent="0in"/></style:list-level-properties><style:text-properties style:font-name="Calibri"/></text:list-level-style-bullet><text:list-level-style-bullet text:level="7" text:style-name="WW_CharLFO7LVL7" text:bullet-char="•"><style:list-level-properties text:space-before="3.5in" text:min-label-width="0in" text:list-level-position-and-space-mode="label-alignment"><style:list-level-label-alignment text:label-followed-by="listtab" fo:margin-left="3.5in" fo:text-indent="0in"/></style:list-level-properties><style:text-properties style:font-name="Calibri"/></text:list-level-style-bullet><text:list-level-style-bullet text:level="8" text:style-name="WW_CharLFO7LVL8" text:bullet-char="o"><style:list-level-properties text:space-before="4in" text:min-label-width="0in" text:list-level-position-and-space-mode="label-alignment"><style:list-level-label-alignment text:label-followed-by="listtab" fo:margin-left="4in" fo:text-indent="0in"/></style:list-level-properties><style:text-properties style:font-name="Calibri"/></text:list-level-style-bullet><text:list-level-style-bullet text:level="9" text:style-name="WW_CharLFO7LVL9" text:bullet-char="▪"><style:list-level-properties text:space-before="4.5in" text:min-label-width="0in" text:list-level-position-and-space-mode="label-alignment"><style:list-level-label-alignment text:label-followed-by="listtab" fo:margin-left="4.5in" fo:text-indent="0in"/></style:list-level-properties><style:text-properties style:font-name="Calibri"/></text:list-level-style-bullet></text:list-style><text:list-style style:name="LFO8"><text:list-level-style-bullet text:level="1" text:style-name="WW_CharLFO8LVL1" text:bullet-char="•"><style:list-level-properties text:space-before="0.4895in" text:min-label-width="0in" text:list-level-position-and-space-mode="label-alignment"><style:list-level-label-alignment text:label-followed-by="listtab" fo:margin-left="0.4895in" fo:text-indent="0in"/></style:list-level-properties><style:text-properties style:font-name="Calibri"/></text:list-level-style-bullet><text:list-level-style-bullet text:level="2" text:style-name="WW_CharLFO8LVL2" text:bullet-char="o"><style:list-level-properties text:space-before="1in" text:min-label-width="0in" text:list-level-position-and-space-mode="label-alignment"><style:list-level-label-alignment text:label-followed-by="listtab" fo:margin-left="1in" fo:text-indent="0in"/></style:list-level-properties><style:text-properties style:font-name="Calibri"/></text:list-level-style-bullet><text:list-level-style-bullet text:level="3" text:style-name="WW_CharLFO8LVL3" text:bullet-char="▪"><style:list-level-properties text:space-before="1.5in" text:min-label-width="0in" text:list-level-position-and-space-mode="label-alignment"><style:list-level-label-alignment text:label-followed-by="listtab" fo:margin-left="1.5in" fo:text-indent="0in"/></style:list-level-properties><style:text-properties style:font-name="Calibri"/></text:list-level-style-bullet><text:list-level-style-bullet text:level="4" text:style-name="WW_CharLFO8LVL4" text:bullet-char="•"><style:list-level-properties text:space-before="2in" text:min-label-width="0in" text:list-level-position-and-space-mode="label-alignment"><style:list-level-label-alignment text:label-followed-by="listtab" fo:margin-left="2in" fo:text-indent="0in"/></style:list-level-properties><style:text-properties style:font-name="Calibri"/></text:list-level-style-bullet><text:list-level-style-bullet text:level="5" text:style-name="WW_CharLFO8LVL5" text:bullet-char="o"><style:list-level-properties text:space-before="2.5in" text:min-label-width="0in" text:list-level-position-and-space-mode="label-alignment"><style:list-level-label-alignment text:label-followed-by="listtab" fo:margin-left="2.5in" fo:text-indent="0in"/></style:list-level-properties><style:text-properties style:font-name="Calibri"/></text:list-level-style-bullet><text:list-level-style-bullet text:level="6" text:style-name="WW_CharLFO8LVL6" text:bullet-char="▪"><style:list-level-properties text:space-before="3in" text:min-label-width="0in" text:list-level-position-and-space-mode="label-alignment"><style:list-level-label-alignment text:label-followed-by="listtab" fo:margin-left="3in" fo:text-indent="0in"/></style:list-level-properties><style:text-properties style:font-name="Calibri"/></text:list-level-style-bullet><text:list-level-style-bullet text:level="7" text:style-name="WW_CharLFO8LVL7" text:bullet-char="•"><style:list-level-properties text:space-before="3.5in" text:min-label-width="0in" text:list-level-position-and-space-mode="label-alignment"><style:list-level-label-alignment text:label-followed-by="listtab" fo:margin-left="3.5in" fo:text-indent="0in"/></style:list-level-properties><style:text-properties style:font-name="Calibri"/></text:list-level-style-bullet><text:list-level-style-bullet text:level="8" text:style-name="WW_CharLFO8LVL8" text:bullet-char="o"><style:list-level-properties text:space-before="4in" text:min-label-width="0in" text:list-level-position-and-space-mode="label-alignment"><style:list-level-label-alignment text:label-followed-by="listtab" fo:margin-left="4in" fo:text-indent="0in"/></style:list-level-properties><style:text-properties style:font-name="Calibri"/></text:list-level-style-bullet><text:list-level-style-bullet text:level="9" text:style-name="WW_CharLFO8LVL9" text:bullet-char="▪"><style:list-level-properties text:space-before="4.5in" text:min-label-width="0in" text:list-level-position-and-space-mode="label-alignment"><style:list-level-label-alignment text:label-followed-by="listtab" fo:margin-left="4.5in" fo:text-indent="0in"/></style:list-level-properties><style:text-properties style:font-name="Calibri"/></text:list-level-style-bullet></text:list-style><style:page-layout style:name="PL0"><style:page-layout-properties fo:page-width="8.268in" fo:page-height="11.693in" style:print-orientation="portrait" fo:margin-top="0.7944in" fo:margin-left="0.7888in" fo:margin-bottom="0.7875in" fo:margin-right="0.7861in" style:num-format="1" style:writing-mode="lr-tb"><style:footnote-sep style:width="0.007in" style:rel-width="33%" style:color="#000000" style:line-style="solid" style:adjustment="left"/></style:page-layout-properties><style:header-style><style:header-footer-properties style:dynamic-spacing="true" fo:min-height="0.5736in"/></style:header-style><style:footer-style><style:header-footer-properties style:dynamic-spacing="true" fo:min-height="0.5798in"/></style:footer-style></style:page-layout><style:style style:name="P2" style:parent-style-name="Normal" style:family="paragraph"><style:paragraph-properties fo:text-align="center" fo:margin-bottom="0in" fo:line-height="107%" fo:margin-left="0in" fo:margin-right="0.0159in" fo:text-indent="0in"><style:tab-stops/></style:paragraph-properties></style:style><style:style style:name="T3" style:parent-style-name="DefaultParagraphFont" style:family="text"><style:text-properties fo:font-style="italic" style:font-style-asian="italic" fo:color="#808080"/></style:style><style:style style:name="P4" style:parent-style-name="Normal" style:family="paragraph"><style:paragraph-properties fo:margin-bottom="0in" fo:line-height="107%" fo:margin-left="0.0055in" fo:margin-right="0in" fo:text-indent="0in"><style:tab-stops/></style:paragraph-properties></style:style><style:style style:name="T5" style:parent-style-name="DefaultParagraphFont" style:family="text"><style:text-properties fo:font-style="italic" style:font-style-asian="italic" fo:color="#808080"/></style:style><style:style style:name="T6" style:parent-style-name="DefaultParagraphFont" style:family="text"><style:text-properties fo:font-style="italic" style:font-style-asian="italic" fo:color="#808080"/></style:style><style:style style:name="P7" style:parent-style-name="Normal" style:family="paragraph"><style:paragraph-properties fo:margin-bottom="0in" fo:line-height="94%" fo:margin-left="0in" fo:margin-right="0in" fo:text-indent="0in"><style:tab-stops/></style:paragraph-properties></style:style><style:style style:name="T8" style:parent-style-name="DefaultParagraphFont" style:family="text"><style:text-properties fo:font-style="italic" style:font-style-asian="italic" fo:color="#808080"/></style:style><style:style style:name="T9" style:parent-style-name="DefaultParagraphFont" style:family="text"><style:text-properties fo:font-style="italic" style:font-style-asian="italic" fo:color="#808080"/></style:style><style:style style:name="T10" style:parent-style-name="DefaultParagraphFont" style:family="text"><style:text-properties fo:font-style="italic" style:font-style-asian="italic" fo:color="#808080"/></style:style><style:style style:name="T11" style:parent-style-name="DefaultParagraphFont" style:family="text"><style:text-properties fo:font-style="italic" style:font-style-asian="italic" fo:color="#808080"/></style:style><style:style style:name="T12" style:parent-style-name="DefaultParagraphFont" style:family="text"><style:text-properties fo:font-style="italic" style:font-style-asian="italic" fo:color="#808080"/></style:style></office:automatic-styles><office:master-styles><style:master-page style:name="MP0" style:page-layout-name="PL0"><style:header><text:p text:style-name="P2"><text:span text:style-name="T3">Métadonnées de fichiers OpenDocument</text:span></text:p><text:p text:style-name="P4"><text:span text:style-name="T5">_______________________________</text:span><text:span text:style-name="T6">_________________________________________________</text:span></text:p></style:header><style:footer><text:p text:style-name="P7"><text:span text:style-name="T8">________________________________________________________________________________ sujet_projet_L2-I_POO-java_2022-2023_v1.0 du 07/11/202</text:span><text:span text:style-name="T9">2 p.<text:s/></text:span><text:span text:style-name="T10"><text:page-number text:fixed="false">1</text:page-number></text:span><text:span text:style-name="T11"><text:s/>/<text:s/></text:span><text:span text:style-name="T12"><text:page-count>1</text:page-count></text:span></text:p></style:footer></style:master-page></office:master-styles></office:document-styles>